-- phpMyAdmin SQL Dump
-- version 5.1.0
-- https://www.phpmyadmin.net/
--
-- Servidor: 127.0.0.1
-- Tiempo de generación: 29-03-2021 a las 14:05:33
-- Versión del servidor: 10.4.17-MariaDB
-- Versión de PHP: 8.0.1

SET SQL_MODE = "NO_AUTO_VALUE_ON_ZERO";
START TRANSACTION;
SET time_zone = "+00:00";


/*!40101 SET @OLD_CHARACTER_SET_CLIENT=@@CHARACTER_SET_CLIENT */;
/*!40101 SET @OLD_CHARACTER_SET_RESULTS=@@CHARACTER_SET_RESULTS */;
/*!40101 SET @OLD_COLLATION_CONNECTION=@@COLLATION_CONNECTION */;
/*!40101 SET NAMES utf8mb4 */;

--
-- Base de datos: `filmoteca_generos`
--

-- --------------------------------------------------------

--
-- Estructura de tabla para la tabla `countries`
--

CREATE TABLE `countries` (
  `id` int(3) UNSIGNED NOT NULL,
  `code` varchar(2) NOT NULL DEFAULT '',
  `name` varchar(100) NOT NULL DEFAULT ''
) ENGINE=InnoDB DEFAULT CHARSET=utf8;

--
-- Volcado de datos para la tabla `countries`
--

INSERT INTO `countries` (`id`, `code`, `name`) VALUES
(0, 'OT', 'Other'),
(1, 'AF', 'Afghanistan'),
(2, 'AL', 'Albania'),
(3, 'DZ', 'Algeria'),
(4, 'DS', 'American Samoa'),
(5, 'AD', 'Andorra'),
(6, 'AO', 'Angola'),
(7, 'AI', 'Anguilla'),
(8, 'AQ', 'Antarctica'),
(9, 'AG', 'Antigua and Barbuda'),
(10, 'AR', 'Argentina'),
(11, 'AM', 'Armenia'),
(12, 'AW', 'Aruba'),
(13, 'AU', 'Australia'),
(14, 'AT', 'Austria'),
(15, 'AZ', 'Azerbaijan'),
(16, 'BS', 'Bahamas'),
(17, 'BH', 'Bahrain'),
(18, 'BD', 'Bangladesh'),
(19, 'BB', 'Barbados'),
(20, 'BY', 'Belarus'),
(21, 'BE', 'Belgium'),
(22, 'BZ', 'Belize'),
(23, 'BJ', 'Benin'),
(24, 'BM', 'Bermuda'),
(25, 'BT', 'Bhutan'),
(26, 'BO', 'Bolivia'),
(27, 'BA', 'Bosnia and Herzegovina'),
(28, 'BW', 'Botswana'),
(29, 'BV', 'Bouvet Island'),
(30, 'BR', 'Brazil'),
(31, 'IO', 'British Indian Ocean Territory'),
(32, 'BN', 'Brunei Darussalam'),
(33, 'BG', 'Bulgaria'),
(34, 'BF', 'Burkina Faso'),
(35, 'BI', 'Burundi'),
(36, 'KH', 'Cambodia'),
(37, 'CM', 'Cameroon'),
(38, 'CA', 'Canada'),
(39, 'CV', 'Cape Verde'),
(40, 'KY', 'Cayman Islands'),
(41, 'CF', 'Central African Republic'),
(42, 'TD', 'Chad'),
(43, 'CL', 'Chile'),
(44, 'CN', 'China'),
(45, 'CX', 'Christmas Island'),
(46, 'CC', 'Cocos (Keeling) Islands'),
(47, 'CO', 'Colombia'),
(48, 'KM', 'Comoros'),
(49, 'CG', 'Congo'),
(50, 'CK', 'Cook Islands'),
(51, 'CR', 'Costa Rica'),
(52, 'HR', 'Croatia (Hrvatska)'),
(53, 'CU', 'Cuba'),
(54, 'CY', 'Cyprus'),
(55, 'CZ', 'Czech Republic'),
(56, 'DK', 'Denmark'),
(57, 'DJ', 'Djibouti'),
(58, 'DM', 'Dominica'),
(59, 'DO', 'Dominican Republic'),
(60, 'TP', 'East Timor'),
(61, 'EC', 'Ecuador'),
(62, 'EG', 'Egypt'),
(63, 'SV', 'El Salvador'),
(64, 'GQ', 'Equatorial Guinea'),
(65, 'ER', 'Eritrea'),
(66, 'EE', 'Estonia'),
(67, 'ET', 'Ethiopia'),
(68, 'FK', 'Falkland Islands (Malvinas)'),
(69, 'FO', 'Faroe Islands'),
(70, 'FJ', 'Fiji'),
(71, 'FI', 'Finland'),
(72, 'FR', 'France'),
(73, 'FX', 'France, Metropolitan'),
(74, 'GF', 'French Guiana'),
(75, 'PF', 'French Polynesia'),
(76, 'TF', 'French Southern Territories'),
(77, 'GA', 'Gabon'),
(78, 'GM', 'Gambia'),
(79, 'GE', 'Georgia'),
(80, 'DE', 'Germany'),
(81, 'GH', 'Ghana'),
(82, 'GI', 'Gibraltar'),
(83, 'GK', 'Guernsey'),
(84, 'GR', 'Greece'),
(85, 'GL', 'Greenland'),
(86, 'GD', 'Grenada'),
(87, 'GP', 'Guadeloupe'),
(88, 'GU', 'Guam'),
(89, 'GT', 'Guatemala'),
(90, 'GN', 'Guinea'),
(91, 'GW', 'Guinea-Bissau'),
(92, 'GY', 'Guyana'),
(93, 'HT', 'Haiti'),
(94, 'HM', 'Heard and Mc Donald Islands'),
(95, 'HN', 'Honduras'),
(96, 'HK', 'Hong Kong'),
(97, 'HU', 'Hungary'),
(98, 'IS', 'Iceland'),
(99, 'IN', 'India'),
(100, 'IM', 'Isle of Man'),
(101, 'ID', 'Indonesia'),
(102, 'IR', 'Iran (Islamic Republic of)'),
(103, 'IQ', 'Iraq'),
(104, 'IE', 'Ireland'),
(105, 'IL', 'Israel'),
(106, 'IT', 'Italy'),
(107, 'CI', 'Ivory Coast'),
(108, 'JE', 'Jersey'),
(109, 'JM', 'Jamaica'),
(110, 'JP', 'Japan'),
(111, 'JO', 'Jordan'),
(112, 'KZ', 'Kazakhstan'),
(113, 'KE', 'Kenya'),
(114, 'KI', 'Kiribati'),
(115, 'KP', 'Korea, Democratic People\'s Republic of'),
(116, 'KR', 'Korea, Republic of'),
(117, 'XK', 'Kosovo'),
(118, 'KW', 'Kuwait'),
(119, 'KG', 'Kyrgyzstan'),
(120, 'LA', 'Lao People\'s Democratic Republic'),
(121, 'LV', 'Latvia'),
(122, 'LB', 'Lebanon'),
(123, 'LS', 'Lesotho'),
(124, 'LR', 'Liberia'),
(125, 'LY', 'Libyan Arab Jamahiriya'),
(126, 'LI', 'Liechtenstein'),
(127, 'LT', 'Lithuania'),
(128, 'LU', 'Luxembourg'),
(129, 'MO', 'Macau'),
(130, 'MK', 'Macedonia'),
(131, 'MG', 'Madagascar'),
(132, 'MW', 'Malawi'),
(133, 'MY', 'Malaysia'),
(134, 'MV', 'Maldives'),
(135, 'ML', 'Mali'),
(136, 'MT', 'Malta'),
(137, 'MH', 'Marshall Islands'),
(138, 'MQ', 'Martinique'),
(139, 'MR', 'Mauritania'),
(140, 'MU', 'Mauritius'),
(141, 'TY', 'Mayotte'),
(142, 'MX', 'Mexico'),
(143, 'FM', 'Micronesia, Federated States of'),
(144, 'MD', 'Moldova, Republic of'),
(145, 'MC', 'Monaco'),
(146, 'MN', 'Mongolia'),
(147, 'ME', 'Montenegro'),
(148, 'MS', 'Montserrat'),
(149, 'MA', 'Morocco'),
(150, 'MZ', 'Mozambique'),
(151, 'MM', 'Myanmar'),
(152, 'NA', 'Namibia'),
(153, 'NR', 'Nauru'),
(154, 'NP', 'Nepal'),
(155, 'NL', 'Netherlands'),
(156, 'AN', 'Netherlands Antilles'),
(157, 'NC', 'New Caledonia'),
(158, 'NZ', 'New Zealand'),
(159, 'NI', 'Nicaragua'),
(160, 'NE', 'Niger'),
(161, 'NG', 'Nigeria'),
(162, 'NU', 'Niue'),
(163, 'NF', 'Norfolk Island'),
(164, 'MP', 'Northern Mariana Islands'),
(165, 'NO', 'Norway'),
(166, 'OM', 'Oman'),
(167, 'PK', 'Pakistan'),
(168, 'PW', 'Palau'),
(169, 'PS', 'Palestine'),
(170, 'PA', 'Panama'),
(171, 'PG', 'Papua New Guinea'),
(172, 'PY', 'Paraguay'),
(173, 'PE', 'Peru'),
(174, 'PH', 'Philippines'),
(175, 'PN', 'Pitcairn'),
(176, 'PL', 'Poland'),
(177, 'PT', 'Portugal'),
(178, 'PR', 'Puerto Rico'),
(179, 'QA', 'Qatar'),
(180, 'RE', 'Reunion'),
(181, 'RO', 'Romania'),
(182, 'RU', 'Russian Federation'),
(183, 'RW', 'Rwanda'),
(184, 'KN', 'Saint Kitts and Nevis'),
(185, 'LC', 'Saint Lucia'),
(186, 'VC', 'Saint Vincent and the Grenadines'),
(187, 'WS', 'Samoa'),
(188, 'SM', 'San Marino'),
(189, 'ST', 'Sao Tome and Principe'),
(190, 'SA', 'Saudi Arabia'),
(191, 'SN', 'Senegal'),
(192, 'RS', 'Serbia'),
(193, 'SC', 'Seychelles'),
(194, 'SL', 'Sierra Leone'),
(195, 'SG', 'Singapore'),
(196, 'SK', 'Slovakia'),
(197, 'SI', 'Slovenia'),
(198, 'SB', 'Solomon Islands'),
(199, 'SO', 'Somalia'),
(200, 'ZA', 'South Africa'),
(201, 'GS', 'South Georgia South Sandwich Islands'),
(202, 'ES', 'Spain'),
(203, 'LK', 'Sri Lanka'),
(204, 'SH', 'St. Helena'),
(205, 'PM', 'St. Pierre and Miquelon'),
(206, 'SD', 'Sudan'),
(207, 'SR', 'Suriname'),
(208, 'SJ', 'Svalbard and Jan Mayen Islands'),
(209, 'SZ', 'Swaziland'),
(210, 'SE', 'Sweden'),
(211, 'CH', 'Switzerland'),
(212, 'SY', 'Syrian Arab Republic'),
(213, 'TW', 'Taiwan'),
(214, 'TJ', 'Tajikistan'),
(215, 'TZ', 'Tanzania, United Republic of'),
(216, 'TH', 'Thailand'),
(217, 'TG', 'Togo'),
(218, 'TK', 'Tokelau'),
(219, 'TO', 'Tonga'),
(220, 'TT', 'Trinidad and Tobago'),
(221, 'TN', 'Tunisia'),
(222, 'TR', 'Turkey'),
(223, 'TM', 'Turkmenistan'),
(224, 'TC', 'Turks and Caicos Islands'),
(225, 'TV', 'Tuvalu'),
(226, 'UG', 'Uganda'),
(227, 'UA', 'Ukraine'),
(228, 'AE', 'United Arab Emirates'),
(229, 'GB', 'United Kingdom'),
(230, 'US', 'United States'),
(231, 'UM', 'United States minor outlying islands'),
(232, 'UY', 'Uruguay'),
(233, 'UZ', 'Uzbekistan'),
(234, 'VU', 'Vanuatu'),
(235, 'VA', 'Vatican City State'),
(236, 'VE', 'Venezuela'),
(237, 'VN', 'Vietnam'),
(238, 'VG', 'Virgin Islands (British)'),
(239, 'VI', 'Virgin Islands (U.S.)'),
(240, 'WF', 'Wallis and Futuna Islands'),
(241, 'EH', 'Western Sahara'),
(242, 'YE', 'Yemen'),
(243, 'ZR', 'Zaire'),
(244, 'ZM', 'Zambia'),
(245, 'ZW', 'Zimbabwe');

-- --------------------------------------------------------

--
-- Estructura de tabla para la tabla `generos`
--

CREATE TABLE `generos` (
  `id` int(2) UNSIGNED NOT NULL,
  `genero` varchar(15) NOT NULL
) ENGINE=InnoDB DEFAULT CHARSET=utf8mb4;

--
-- Volcado de datos para la tabla `generos`
--

INSERT INTO `generos` (`id`, `genero`) VALUES
(0, 'No definido'),
(1, 'Acción'),
(2, 'Aventuras'),
(3, 'Comedia'),
(4, 'Terror'),
(5, 'Western'),
(6, 'Ciencia ficción'),
(7, 'Romántica'),
(8, 'Thriller'),
(9, 'Drama'),
(10, 'Bélica');

-- --------------------------------------------------------

--
-- Estructura de tabla para la tabla `pellicules`
--

CREATE TABLE `pellicules` (
  `id` int(3) NOT NULL,
  `titol` varchar(49) DEFAULT NULL,
  `director` varchar(28) DEFAULT NULL,
  `any` int(4) DEFAULT NULL,
  `pais` varchar(19) DEFAULT NULL,
  `id_pais` int(3) UNSIGNED DEFAULT 0,
  `animacio` tinyint(1) DEFAULT NULL,
  `catala` tinyint(1) DEFAULT NULL,
  `puntuacio` int(2) DEFAULT NULL,
  `observacions` varchar(10) DEFAULT NULL,
  `data_creacio` datetime NOT NULL DEFAULT current_timestamp(),
  `id_genero` int(2) UNSIGNED NOT NULL DEFAULT 0
) ENGINE=InnoDB DEFAULT CHARSET=utf8;

--
-- Volcado de datos para la tabla `pellicules`
--

INSERT INTO `pellicules` (`id`, `titol`, `director`, `any`, `pais`, `id_pais`, `animacio`, `catala`, `puntuacio`, `observacions`, `data_creacio`, `id_genero`) VALUES
(2, 'Una vida por delante', 'Lasse Hallström', 2005, 'USA', 230, 0, 0, 2, '', '2021-03-12 10:02:15', 0),
(3, 'La ciencia del sueño', 'Michel Gondry', 2006, 'FRANÇA', 72, 0, 0, 2, '', '2021-03-12 10:02:15', 0),
(4, 'La joven de la perla', 'Peter Webber', 2003, 'UK', 229, 0, 0, 9, '', '2021-03-12 10:02:15', 0),
(5, 'Nueve reinas', 'Fabián Bielinsky', 2000, 'ARGENTINA', 10, 1, 0, 4, '', '2021-03-12 10:02:15', 8),
(6, 'Funny Games', 'Michael Haneke', 2007, 'USA', 230, 0, 0, 5, '', '2021-03-12 10:02:15', 0),
(7, 'Desayuno en Plutón', 'Neil Jordan', 2005, 'IRLANDA', 104, 0, 0, 9, '', '2021-03-12 10:02:15', 0),
(8, 'Llámame Peter', 'Stephen Hopkins', 2004, 'USA', 230, 0, 0, 10, '', '2021-03-12 10:02:15', 0),
(9, 'En tierra de nadie', 'Danis Tanovic', 2001, 'BOSNIA-HERZEGOVINA', 27, 0, 0, 9, '', '2021-03-12 10:02:15', 0),
(10, 'El secreto de Vera Drake', 'Mike Leigh', 2004, 'UK', 229, 0, 0, 7, '', '2021-03-12 10:02:15', 0),
(11, 'Sophie Scholl Los últimos días', 'Marc Rothemund', 2005, 'ALEMANYA', 80, 0, 0, 3, '', '2021-03-12 10:02:15', 0),
(12, 'Pelle el conquistador', 'Bille August', 1987, 'DINAMARCA', 56, 0, 0, 7, '', '2021-03-12 10:02:15', 0),
(13, 'Balzac y la joven costurera china', 'Dai Sijie', 2002, 'XINA', 44, 0, 0, 8, '', '2021-03-12 10:02:15', 0),
(14, 'Tsotsi', 'Gavin Hood', 2005, 'SURÀFRICA', 200, 0, 0, 8, '', '2021-03-12 10:02:15', 0),
(15, '24 Hour party people', 'Michael Winterbottom', 2002, 'UK', 229, 0, 0, 8, '', '2021-03-12 10:02:15', 3),
(16, 'No sos vos soy yo', 'Juan Taratuto', 2004, 'ARGENTINA', 10, 0, 0, 4, '', '2021-03-12 10:02:15', 0),
(17, 'En la cama', 'Matías Bize', 2005, 'XILE', 43, 0, 0, 8, '', '2021-03-12 10:02:15', 0),
(18, 'Un funeral de muerte', 'Frank Oz', 2007, 'UK', 229, 0, 0, 8, '', '2021-03-12 10:02:15', 0),
(19, 'Intermission', 'John Crowley', 2003, 'IRLANDA', 104, 0, 0, 2, '', '2021-03-12 10:02:15', 0),
(20, 'El viaje de Chihiro', 'Hayao Miyazaki', 2001, 'JAPÓ', 110, 1, 0, 4, '', '2021-03-12 10:02:15', 2),
(21, 'Un tipo corriente', 'Eduardo Milewicz', 2001, 'ARGENTINA', 10, 0, 0, 10, '', '2021-03-12 10:02:15', 0),
(22, 'Crazy', 'Jean-Marc Vallée', 2005, 'CANADÀ', 38, 0, 0, 10, '', '2021-03-12 10:02:15', 0),
(23, 'Un toque de canela', 'Tassos Boulmetis', 2003, 'GRÈCIA', 84, 0, 0, 10, '', '2021-03-12 10:02:15', 0),
(24, 'Tierra y libertad', 'Ken Loach', 1994, 'UK', 229, 0, 0, 4, '', '2021-03-12 10:02:15', 0),
(25, 'El asesinato de Richard Nixon', 'Niels Mueller', 2004, 'USA', 230, 0, 0, 8, '', '2021-03-12 10:02:15', 0),
(26, 'Bajo sospecha', 'Stephen Hopkins', 2000, 'USA', 230, 0, 0, 7, '', '2021-03-12 10:02:15', 0),
(27, 'El pianista', 'Roman Polanski', 2002, 'UK', 229, 0, 0, 8, '', '2021-03-12 10:02:15', 0),
(28, 'Flores rotas', 'Jim Jarmusch', 2005, 'USA', 230, 0, 0, 5, '', '2021-03-12 10:02:15', 0),
(29, 'Buffalo 66', 'Vincent Gallo', 1999, 'USA', 230, 0, 0, 5, '', '2021-03-12 10:02:15', 0),
(30, 'La escafandra y la mariposa', 'Julian Schnabel', 2007, 'FRANÇA', 72, 0, 0, 7, '', '2021-03-12 10:02:15', 0),
(31, 'Factótum', 'Bent Hamer', 2005, 'NORUEGA', 165, 0, 0, 8, '', '2021-03-12 10:02:15', 0),
(32, 'Ciudad de Dios', 'Fernando Meirelles', 2002, 'BRASIL', 30, 0, 0, 9, '', '2021-03-12 10:02:15', 0),
(33, 'Bailar en la oscuridad', 'Lars von Trier', 2000, 'DINAMARCA', 56, 0, 0, 7, '', '2021-03-12 10:02:15', 0),
(34, 'El señor Ibrahim y las flores del Corán', 'François Dupeyron', 2003, 'FRANÇA', 72, 0, 0, 3, '', '2021-03-12 10:02:15', 0),
(35, 'Mi hermosa lavandería', 'Stephen Frears', 1985, 'UK', 229, 0, 0, 2, '', '2021-03-12 10:02:15', 0),
(36, 'El cielo protector', 'Bernardo Bertolucci', 1989, 'UK', 229, 0, 0, 4, '', '2021-03-12 10:02:15', 0),
(37, 'Secretos y mentiras', 'Mike Leigh', 1996, 'UK', 229, 0, 0, 5, '', '2021-03-12 10:02:15', 0),
(38, 'Las mujeres de verdad tienen curvas', 'Patricia Cardoso', 2002, 'USA', 230, 0, 0, 7, '', '2021-03-12 10:02:15', 0),
(39, 'Adiós a mi concubina', 'Chen Kaige', 1993, 'XINA', 44, 0, 0, 10, '', '2021-03-12 10:02:15', 9),
(40, 'Cinema Paradiso', 'Giuseppe Tornatore', 1988, 'ITÀLIA', 106, 0, 0, 4, '', '2021-03-12 10:02:15', 0),
(41, 'Tigre y dragón', 'Ang Lee', 2000, 'TAIWÀN', 213, 0, 0, 5, '', '2021-03-12 10:02:15', 2),
(42, 'Y tu mamá también', 'Alfonso Cuarón', 2001, 'MÈXIC', 142, 0, 0, 5, '', '2021-03-12 10:02:15', 0),
(43, 'Un lugar en el mundo', 'Adolfo Aristarain', 1992, 'ARGENTINA', 10, 0, 0, 5, '', '2021-03-12 10:02:15', 0),
(44, 'Crimen ferpecto', 'Álex de la Iglesia', 2004, 'ESPANYA', 202, 0, 0, 7, '', '2021-03-12 10:02:15', 0),
(45, 'El espinazo del diablo', 'Guillermo del Toro', 2001, 'ESPANYA', 202, 0, 0, 9, '', '2021-03-12 10:02:15', 0),
(46, 'Luna de Avellaneda', 'Juan José Campanella', 2004, 'ARGENTINA', 10, 0, 0, 9, '', '2021-03-12 10:02:15', 0),
(47, 'Historias del Kronen', 'Montxo Armendáriz', 1995, 'ESPANYA', 202, 0, 0, 4, '', '2021-03-12 10:02:15', 0),
(48, 'Amores perros', 'Alejandro González Iñárritu', 2000, 'MÈXIC', 142, 0, 0, 3, '', '2021-03-12 10:02:15', 9),
(49, 'El viaje a ninguna parte', 'Fernando Fernán-Gómez', 1986, 'ESPANYA', 202, 0, 0, 5, '', '2021-03-12 10:02:15', 0),
(50, 'Roma', 'Adolfo Aristarain', 2004, 'ARGENTINA', 10, 0, 0, 5, '', '2021-03-12 10:02:15', 0),
(51, 'La vida de nadie', 'Eduard Cortés', 2003, 'ESPANYA', 202, 0, 0, 4, '', '2021-03-12 10:02:15', 0),
(52, 'Guantanamera', 'Tomás G. Alea', 1995, 'CUBA', 53, 0, 0, 7, '', '2021-03-12 10:02:15', 0),
(53, 'El viaje de Carol', 'Imanol Uribe', 2002, 'ESPANYA', 202, 0, 0, 6, '', '2021-03-12 10:02:15', 0),
(54, 'Tiovivo c. 1950', 'José Luis Garci', 2004, 'ESPANYA', 202, 0, 0, 6, '', '2021-03-12 10:02:15', 0),
(55, 'El mismo amor, la misma lluvia', 'Juan José Campanella', 1999, 'ARGENTINA', 10, 0, 0, 6, '', '2021-03-12 10:02:15', 0),
(56, 'Celos', 'Vicente Aranda', 1999, 'ESPANYA', 202, 0, 0, 10, '', '2021-03-12 10:02:15', 0),
(57, 'La ardilla roja', 'Julio Medem', 1993, 'ESPANYA', 202, 0, 0, 3, '', '2021-03-12 10:02:15', 0),
(58, 'El abrazo partido', 'Daniel Burman', 2003, 'ARGENTINA', 10, 0, 0, 3, '', '2021-03-12 10:02:15', 0),
(59, 'Bajarse al moro', 'Fernando Colomo', 1988, 'ESPANYA', 202, 0, 0, 5, '', '2021-03-12 10:02:15', 0),
(60, 'Historia de un beso', 'José Luis Garci', 2002, 'ESPANYA', 202, 0, 0, 10, '', '2021-03-12 10:02:15', 0),
(61, 'La flaqueza del bolchevique', 'Manuel Martín Cuenca', 2003, 'ESPANYA', 202, 0, 0, 9, '', '2021-03-12 10:02:15', 0),
(62, 'Sobreviviré', 'Alfonso Albacete', 1999, 'ESPANYA', 202, 0, 0, 6, '', '2021-03-12 10:02:15', 0),
(63, 'En la ciudad', 'Cesc Gay', 2003, 'ESPANYA', 202, 0, 0, 2, '', '2021-03-12 10:02:15', 0),
(64, 'La virgen de los sicarios', 'Barbet Schroeder', 1999, 'COLÒMBIA', 47, 0, 0, 2, '', '2021-03-12 10:02:15', 0),
(65, 'El último emperador', 'Bernardo Bertolucci', 1987, 'UK', 229, 0, 0, 3, '', '2021-03-12 10:02:15', 0),
(66, 'Love actually', 'Richard Curtis', 2003, 'UK', 229, 0, 0, 5, '', '2021-03-12 10:02:15', 0),
(67, 'Tres colores: Azul', 'Krzysztof Kieslowski', 1993, 'POLÒNIA', 176, 0, 0, 10, '', '2021-03-12 10:02:15', 0),
(68, 'Elizabeth', 'Shekhar Kapur', 1998, 'UK', 229, 0, 0, 7, '', '2021-03-12 10:02:15', 0),
(69, 'Quiero ser como Beckham', 'Gurinder Chadha', 2002, 'UK', 229, 0, 0, 3, '', '2021-03-12 10:02:15', 0),
(70, 'El pacto de los lobos', 'Christophe Gans', 2001, 'FRANÇA', 72, 0, 0, 8, '', '2021-03-12 10:02:15', 0),
(71, 'Indochina', 'Régis Wargnier', 1992, 'FRANÇA', 72, 0, 0, 8, '', '2021-03-12 10:02:15', 0),
(72, 'The Commitments', 'Alan Parker', 1991, 'UK', 229, 0, 0, 7, '', '2021-03-12 10:02:15', 0),
(73, 'El marido de la peluquera', 'Patrice Leconte', 1990, 'FRANÇA', 72, 0, 0, 8, '', '2021-03-12 10:02:15', 0),
(74, 'Le divorce', 'James Ivory', 2003, 'USA', 230, 0, 0, 7, '', '2021-03-12 10:02:15', 0),
(75, 'Una historia del Bronx', 'Robert De Niro', 1993, 'USA', 230, 0, 0, 5, '', '2021-03-12 10:02:15', 0),
(76, 'Amor en conserva', 'David Miller', 1950, 'USA', 230, 0, 0, 4, '', '2021-03-12 10:02:15', 3),
(77, 'La defensa Luzhin', 'Marleen Gorris', 2001, 'UK', 229, 0, 0, 5, '', '2021-03-12 10:02:15', 0),
(78, 'Coraje de mujer', 'Karen Arthur', 1997, 'USA', 230, 0, 0, 6, '', '2021-03-12 10:02:15', 0),
(79, 'Carros de fuego', 'Hugh Hudson', 1981, 'UK', 229, 0, 0, 8, '', '2021-03-12 10:02:15', 0),
(80, 'Armas de mujer', 'Mike Nichols', 1988, 'USA', 230, 0, 0, 10, '', '2021-03-12 10:02:15', 0),
(81, 'Sr. Y Sra. Smith', 'Doug Liman', 2005, 'USA', 230, 0, 0, 3, '', '2021-03-12 10:02:15', 0),
(82, 'Wall Street', 'Oliver Stone', 1987, 'USA', 230, 0, 0, 2, '', '2021-03-12 10:02:15', 0),
(83, 'Un puente hacia Terabithia', 'Gabor Csupo', 2007, 'USA', 230, 0, 0, 2, '', '2021-03-12 10:02:15', 0),
(84, 'Un día inolvidable', 'Michael Hoffman', 1996, 'USA', 230, 0, 0, 2, '', '2021-03-12 10:02:15', 0),
(85, 'La Spagnola', 'Steve Jacobs', 2001, 'AUSTRÀLIA', 13, 0, 0, 2, '', '2021-03-12 10:02:15', 0),
(86, 'Sentido y sensibilidad', 'Rodney Bennett', 1981, 'UK', 229, 0, 0, 8, '', '2021-03-12 10:02:15', 0),
(87, 'Madame Bovary', 'Tim Fywell', 2000, 'USA', 230, 0, 0, 9, '', '2021-03-12 10:02:15', 0),
(88, 'Todo sobre mi madre', 'Pedro Almodóvar', 1999, 'ESPANYA', 202, 0, 0, 6, '', '2021-03-12 10:02:15', 0),
(89, 'Los límites del silencio', 'Tom McLoughlin', 2001, 'USA', 230, 0, 0, 4, '', '2021-03-12 10:02:15', 0),
(90, 'Un domingo cualquiera', 'Oliver Stone', 1999, 'USA', 230, 0, 0, 10, '', '2021-03-12 10:02:15', 0),
(91, 'EL libro negro', 'Paul Verhoeven', 2006, 'HOLANDA', 155, 0, 0, 2, '', '2021-03-12 10:02:15', 0),
(92, 'La decisión de Sophie', 'Alan J. Pakula', 1982, 'USA', 230, 0, 0, 6, '', '2021-03-12 10:02:15', 0),
(93, 'Lunas de hiel', 'Roman Polanski', 1992, 'UK', 229, 0, 0, 10, '', '2021-03-12 10:02:15', 0),
(94, 'The wall', 'Alan Parker', 1982, 'UK', 229, 0, 0, 10, '', '2021-03-12 10:02:15', 0),
(95, 'Ragtime', 'Milos Forman', 1981, 'USA', 230, 0, 0, 10, '', '2021-03-12 10:02:15', 0),
(96, 'The door in the floor', 'Tod Williams', 2004, 'USA', 230, 0, 0, 3, '', '2021-03-12 10:02:15', 0),
(97, 'Good morning Babilonia', 'Paolo Taviani', 1986, 'ITÀLIA', 106, 0, 0, 10, '', '2021-03-12 10:02:15', 0),
(98, 'Flower Power (como una regadera)', 'Joel Hershman', 2000, 'UK', 229, 0, 0, 7, '', '2021-03-12 10:02:15', 0),
(99, 'Saw II', 'Darren Lynn Bousman', 2005, 'USA', 230, 0, 0, 10, '', '2021-03-12 10:02:15', 0),
(100, 'El chico que conquistó Hollywood', 'Brett Morgen,', 2002, 'USA', 230, 0, 0, 2, '', '2021-03-12 10:02:15', 0),
(101, 'Deseando amar', 'Wong Kar-Wai', 2000, 'HONG-KONG', 96, 0, 0, 9, '', '2021-03-12 10:02:15', 0),
(102, 'Promises', 'Justine Shapiro', 2001, 'ISRAEL', 105, 0, 0, 4, '', '2021-03-12 10:02:15', 0),
(103, 'Evelyn', 'Bruce Beresford', 2002, 'IRLANDA', 104, 0, 1, 4, '', '2021-03-12 10:02:15', 0),
(104, 'Mr. Magorium y su tienda mágica', 'Zach Helm', 2007, 'USA', 230, 0, 1, 6, '', '2021-03-12 10:02:15', 0),
(105, 'Un plan brillante', 'Michael Radford', 2007, 'UK', 229, 0, 0, 6, '', '2021-03-12 10:02:15', 0),
(106, 'West side story', 'Robert Wise', 1961, 'USA', 230, 0, 0, 6, '', '2021-03-12 10:02:15', 0),
(107, 'En el valle de Elah', 'Paul Haggis', 2007, 'USA', 230, 0, 0, 2, '', '2021-03-12 10:02:15', 0),
(108, 'Los siete magníficos', 'John Sturges', 1960, 'USA', 230, 0, 0, 5, '', '2021-03-12 10:02:15', 0),
(109, 'El viaje del emperador', 'Luc Jacquet', 2005, 'FRANÇA', 72, 0, 0, 3, '', '2021-03-12 10:02:15', 0),
(110, 'Bangkok dangerous', 'Oxide Pang Chun', 2008, 'USA', 230, 0, 1, 7, '', '2021-03-12 10:02:15', 0),
(111, 'Michael Clayton', 'Tony Gilroy', 2007, 'USA', 230, 0, 0, 3, '', '2021-03-12 10:02:15', 0),
(112, 'La gran evasión', 'John Sturges', 1962, 'USA', 230, 0, 0, 10, '', '2021-03-12 10:02:15', 0),
(113, 'Tomates verdes fritos', 'Jon Avnet', 1991, 'USA', 230, 0, 0, 5, '', '2021-03-12 10:02:15', 0),
(114, 'Paris, Texas', 'Wim Wenders', 1984, 'Usa', 230, 0, 0, 8, '', '2021-03-12 10:02:15', 0),
(115, 'Los amigos de Peter', 'Kenneth Branagh', 1992, 'UK', 229, 0, 0, 4, '', '2021-03-12 10:02:15', 0),
(116, 'Mrs. Henderson', 'Stephen Frears', 2005, 'UK', 229, 0, 0, 7, '', '2021-03-12 10:02:15', 0),
(117, 'El imperio de los sentidos', 'Nagisa Oshima', 1976, 'JAPÓ', 110, 0, 0, 8, '', '2021-03-12 10:02:15', 0),
(118, 'Confidence', 'James Foley', 2003, 'USA', 230, 0, 0, 2, '', '2021-03-12 10:02:15', 0),
(119, 'The nanny diaries (Diario de una niñera)', 'Robert Pulcini', 2007, 'USA', 230, 0, 1, 6, '', '2021-03-12 10:02:15', 0),
(120, 'Aflicción', 'Paul Schrader', 1998, 'USA', 230, 0, 0, 9, '', '2021-03-12 10:02:15', 9),
(121, 'El hombre del tren', 'Patrice Leconte', 2002, 'FRANÇA', 72, 0, 0, 4, '', '2021-03-12 10:02:15', 0),
(122, 'El maquinista', 'Brad Anderson', 2004, 'ESPANYA', 202, 0, 0, 9, '', '2021-03-12 10:02:15', 0),
(123, 'Los niños de Huang Shi', 'Roger Spottiswoode', 2008, 'XINA', 44, 0, 1, 7, '', '2021-03-12 10:02:15', 0),
(124, 'Shaft The return', 'John Singleton', 2000, 'USA', 230, 0, 0, 4, '', '2021-03-12 10:02:15', 0),
(201, 'Crash', 'David Cronenberg', 1996, 'CANADÀ', 38, 0, 0, 3, '', '2021-03-12 10:02:15', 0),
(202, 'Confidencias', 'Luchino Visconti', 1974, 'ITÀLIA', 106, 0, 0, 10, '', '2021-03-12 10:02:15', 0),
(203, 'Solaris', 'Steven Soderbergh', 2002, 'USA', 230, 0, 0, 9, '', '2021-03-12 10:02:15', 0),
(204, 'Minority report', 'Steven Spielberg', 2002, 'USA', 230, 0, 0, 4, '', '2021-03-12 10:02:15', 0),
(205, 'Injusta condena', 'Bradley Battersby', 2000, 'USA', 230, 0, 0, 7, '', '2021-03-12 10:02:15', 0),
(206, 'Apocalypse now', 'Francis Ford Coppola', 1979, 'USA', 230, 0, 0, 8, '', '2021-03-12 10:02:15', 0),
(207, 'Mystic river', 'Clint Eastwood', 2003, 'USA', 230, 0, 0, 2, '', '2021-03-12 10:02:15', 0),
(208, 'Una relación privada', 'Fréderic Fonteyne', 2000, 'FRANÇA', 72, 0, 0, 2, '', '2021-03-12 10:02:15', 0),
(209, 'Smoke', 'Wayne Wang', 1995, 'USA', 230, 0, 0, 6, '', '2021-03-12 10:02:15', 0),
(210, 'Tierras de penumbra', 'Richard Attenborough', 1993, 'UK', 229, 0, 0, 10, '', '2021-03-12 10:02:15', 0),
(211, 'Soldados de salamina', 'David Trueba', 2003, 'ESPANYA', 202, 0, 0, 2, '', '2021-03-12 10:02:15', 0),
(212, 'Full monty', 'Peter Cattaneo', 1997, 'UK', 229, 0, 0, 5, '', '2021-03-12 10:02:15', 0),
(213, 'El club de la lucha', 'David Fincher', 1999, 'USA', 230, 0, 0, 10, '', '2021-03-12 10:02:15', 0),
(214, 'Lantana', 'Ray Lawrence', 2001, 'AUSTRÀLIA', 13, 0, 0, 7, '', '2021-03-12 10:02:15', 0),
(215, 'Martín hache', 'Adolfo Aristarain', 1997, 'ARGENTINA', 10, 0, 0, 8, '', '2021-03-12 10:02:15', 0),
(216, 'Femme fatale', 'Brian De Palma', 2002, 'USA', 230, 0, 0, 9, '', '2021-03-12 10:02:15', 0),
(217, 'Orgullo y prejuicio', 'Joe Wright', 2005, 'UK', 229, 0, 0, 9, '', '2021-03-12 10:02:15', 0),
(218, 'Carne trémula', 'Pedro Almodóvar', 1997, 'ESPANYA', 202, 0, 0, 4, '', '2021-03-12 10:02:15', 0),
(219, 'Ali', 'Michael Mann', 2001, 'USA', 230, 0, 0, 6, '', '2021-03-12 10:02:15', 9),
(220, 'The queen', 'Stephen Frears', 2006, 'UK', 229, 0, 1, 2, '', '2021-03-12 10:02:15', 0),
(221, 'Traffic', 'Steven Soderbergh', 2000, 'USA', 230, 0, 0, 4, '', '2021-03-12 10:02:15', 0),
(222, 'Diarios de motocicleta', 'Walter Salles', 2003, 'ARGENTINA', 10, 0, 0, 9, '', '2021-03-12 10:02:15', 0),
(223, 'Europa', 'Lars von Trier', 1991, 'DINAMARCA', 56, 0, 0, 9, '', '2021-03-12 10:02:15', 0),
(224, 'En el nombre del padre', 'Jim Sheridan', 1993, 'IRLANDA', 104, 0, 0, 7, '', '2021-03-12 10:02:15', 0),
(225, 'El mercader de Venecia', 'Michael Radford', 2004, 'UK', 229, 0, 1, 8, '', '2021-03-12 10:02:15', 0),
(226, 'El cuarto àngel', 'John Irvin', 2002, 'UK', 229, 0, 0, 10, '', '2021-03-12 10:02:15', 0),
(227, 'In & Out', 'Frank Oz', 1997, 'USA', 230, 0, 0, 9, '', '2021-03-12 10:02:15', 0),
(228, 'El cuarto protocolo', 'John MacKenzie', 1987, 'UK', 229, 0, 0, 2, '', '2021-03-12 10:02:15', 0),
(229, 'Fahrenheit 9/11', 'Michael Moore', 2004, 'USA', 230, 0, 0, 8, '', '2021-03-12 10:02:15', 0),
(230, 'En un lugar de África', 'Caroline Link', 2001, 'ALEMANYA', 80, 0, 0, 3, '', '2021-03-12 10:02:15', 0),
(231, 'Four Rooms', 'Quentin Tarantino', 1995, 'USA', 230, 0, 1, 5, '', '2021-03-12 10:02:15', 0),
(232, 'Monster\'s ball', 'Marc Forster', 2001, 'USA', 230, 0, 0, 7, '', '2021-03-12 10:02:15', 0),
(233, 'El americano impasible', 'Phillip Noyce', 2002, 'USA', 230, 0, 0, 5, '', '2021-03-12 10:02:15', 0),
(234, 'Twister', 'Jan de Bont', 1996, 'USA', 230, 0, 0, 7, '', '2021-03-12 10:02:15', 0),
(235, 'Titanic', 'Jame Cameron', 1997, 'USA', 230, 0, 0, 4, '', '2021-03-12 10:02:15', 0),
(236, 'La maldición del escorpión de jade', 'Woody Allen', 2001, 'USA', 230, 0, 0, 5, '', '2021-03-12 10:02:15', 0),
(237, 'El amante', 'Jean-Jacques Annaud', 1992, 'FRANÇA', 72, 0, 0, 3, '', '2021-03-12 10:02:15', 0),
(238, 'A.I. Inteligencia artificial', 'Steven Spielberg', 2001, 'USA', 230, 0, 0, 6, '', '2021-03-12 10:02:15', 6),
(239, 'El río de la vida', 'Robert Redford', 1992, 'USA', 230, 0, 0, 6, '', '2021-03-12 10:02:15', 0),
(240, 'Casa de arena y niebla', 'Vadim Perelman', 2003, 'USA', 230, 0, 0, 2, '', '2021-03-12 10:02:15', 0),
(241, 'Los lunes al sol', 'Fernando León de Aranoa', 2002, 'ESPANYA', 202, 0, 0, 6, '', '2021-03-12 10:02:15', 0),
(242, 'El talento de Mr. Ripley', 'Anthony Minghella', 1999, 'USA', 230, 0, 0, 4, '', '2021-03-12 10:02:15', 0),
(243, 'Gente con clase', 'Eric Styles', 2000, 'UK', 229, 0, 0, 4, '', '2021-03-12 10:02:15', 0),
(244, 'Tres colores: Blanco', 'Krzysztof Kieslowski', 1994, 'POLÒNIA', 176, 0, 0, 8, '', '2021-03-12 10:02:15', 0),
(245, 'El cuchillo en el agua', 'Roman Polanski', 1962, 'POLÒNIA', 176, 0, 0, 7, '', '2021-03-12 10:02:15', 0),
(246, 'Buenas noches y buena suerte', 'George Clooney', 2005, 'USA', 230, 0, 0, 2, '', '2021-03-12 10:02:15', 0),
(247, 'El Hotel New Hampshire', 'Tony Richardson', 1984, 'UK', 229, 0, 0, 4, '', '2021-03-12 10:02:15', 0),
(248, 'Family man', 'Brett Ratner', 2000, 'USA', 230, 0, 0, 9, '', '2021-03-12 10:02:15', 0),
(249, 'Cosas que diría con sólo mirarla', 'Rodrigo García', 2000, 'USA', 230, 0, 0, 4, '', '2021-03-12 10:02:15', 0),
(250, '¿Qué hace una chica como tú en un lugar como este', 'Fernando Colomo', 1978, 'ESPANYA', 202, 0, 0, 2, '', '2021-03-12 10:02:15', 0),
(251, 'La cuadrilla', 'Ken Loach', 2001, 'UK', 229, 0, 0, 5, '', '2021-03-12 10:02:15', 0),
(252, 'La cena de los idiotas', 'Francis Veber', 1998, 'FRANÇA', 72, 0, 0, 6, '', '2021-03-12 10:02:15', 0),
(253, 'El piano', 'Jane Campion', 1993, 'NOVA ZELANDA', 158, 0, 0, 7, '', '2021-03-12 10:02:15', 0),
(254, 'Mi marido es una ruina', 'Marcello Cesena', 2001, 'ITÀLIA', 106, 0, 0, 6, '', '2021-03-12 10:02:15', 0),
(255, 'Match point', 'Woody Allen', 2005, 'UK', 229, 0, 0, 6, '', '2021-03-12 10:02:15', 0),
(256, 'Paycheck', 'John Woo', 2003, 'USA', 230, 0, 0, 4, '', '2021-03-12 10:02:15', 0),
(257, 'La caja china', 'Wayne Wang', 1997, 'USA', 230, 0, 0, 2, '', '2021-03-12 10:02:15', 0),
(258, 'Siete años en el Tibet', 'Jean-Jacques Annaud', 1997, 'USA', 230, 0, 0, 9, '', '2021-03-12 10:02:15', 0),
(259, 'El festín de Babette', 'Gabriel Axel', 1987, 'DINAMARCA', 56, 0, 0, 9, '', '2021-03-12 10:02:15', 0),
(260, 'Dragon Rapide', 'Jaime Camino', 1986, 'ESPANYA', 202, 0, 0, 4, '', '2021-03-12 10:02:15', 0),
(261, 'Lolita', 'Stanley Kubrick', 1962, 'UK', 229, 0, 0, 2, '', '2021-03-12 10:02:15', 0),
(262, 'Mi vida sin mi', 'Isabel Coixet', 2003, 'ESPANYA', 202, 0, 0, 9, '', '2021-03-12 10:02:15', 0),
(264, 'La casa de los espíritus', 'Bille August', 1993, 'USA', 230, 0, 0, 9, '', '2021-03-12 10:02:15', 0),
(265, 'El honor de los Prizzi', 'John Huston', 1985, 'USA', 230, 0, 0, 4, '', '2021-03-12 10:02:15', 0),
(266, 'Basic', 'John McTiernan', 2003, 'USA', 230, 0, 0, 7, '', '2021-03-12 10:02:15', 0),
(267, 'Muerte entre las flores', 'Joel Coen', 1990, 'USA', 230, 0, 0, 2, '', '2021-03-12 10:02:15', 0),
(268, 'Monster', 'Patty Jenkins', 2003, 'USA', 230, 0, 0, 9, '', '2021-03-12 10:02:15', 0),
(269, 'Gente pez', 'Jorge Iglesias', 2001, 'ESPANYA', 202, 0, 0, 9, '', '2021-03-12 10:02:15', 0),
(270, 'Hombres de honor', 'George Tillman Jr.', 2000, 'USA', 230, 0, 0, 10, '', '2021-03-12 10:02:15', 0),
(272, 'La vida de Brian', 'Terry Jones', 1979, 'UK', 229, 0, 0, 9, '', '2021-03-12 10:02:15', 0),
(273, 'Investigating sex', 'Alan Rudolph', 2001, 'USA', 230, 0, 0, 3, '', '2021-03-12 10:02:15', 0),
(274, 'Drácula de Bram Stoker', 'Francis Ford Coppola', 1992, 'USA', 230, 0, 0, 5, '', '2021-03-12 10:02:15', 0),
(275, 'Moulin rouge', 'Baz Luhrmann', 2001, 'AUSTRÀLIA', 13, 0, 0, 6, '', '2021-03-12 10:02:15', 0),
(276, 'Vecinos sospechosos', 'Tim Hunter', 1996, 'USA', 230, 0, 0, 7, '', '2021-03-12 10:02:15', 0),
(277, 'Canciones para después de una guerra', 'Basilio Martín Patino', 1971, 'ESPANYA', 202, 0, 0, 3, '', '2021-03-12 10:02:15', 0),
(278, 'Le llaman Bodhi', 'Kathryn Bigelow', 1991, 'USA', 230, 0, 0, 4, '', '2021-03-12 10:02:15', 0),
(279, 'La máscara del zorro', 'Martin Campbell', 1998, 'USA', 230, 0, 0, 2, '', '2021-03-12 10:02:15', 0),
(280, 'La pasión de Cristo', 'Mel Gibson', 2004, 'USA', 230, 0, 0, 5, '', '2021-03-12 10:02:15', 0),
(281, 'Un mundo perfecto', 'Clint Eastwood', 1993, 'USA', 230, 0, 0, 5, '', '2021-03-12 10:02:15', 0),
(282, 'La boda de Muriel', 'P.J. Hogan', 1994, 'AUSTRÀLIA', 13, 0, 0, 2, '', '2021-03-12 10:02:15', 0),
(283, 'Romeo + Julieta de William Shakespeare', 'Baz Luhrmann', 1996, 'CANADÀ', 38, 0, 0, 9, '', '2021-03-12 10:02:15', 0),
(284, 'Chicago', 'Rob Marshall', 2002, 'USA', 230, 0, 0, 4, '', '2021-03-12 10:02:15', 0),
(285, 'Dalí', 'Antoni Ribas', 1991, 'ESPANYA', 202, 0, 0, 8, '', '2021-03-12 10:02:15', 0),
(286, 'Las reglas del juego', 'Roger Avary', 2002, 'USA', 230, 0, 0, 8, '', '2021-03-12 10:02:15', 0),
(287, 'Cyrano de Bergerac', 'Jean-Paul Rappeneau', 1990, 'FRANÇA', 72, 0, 0, 7, '', '2021-03-12 10:02:15', 0),
(288, 'Las horas', 'Stephen Daldry', 2002, 'USA', 230, 0, 0, 3, '', '2021-03-12 10:02:15', 0),
(289, 'Bagdad café', 'Percy Adlon', 1987, 'ALEMANYA', 80, 0, 0, 6, '', '2021-03-12 10:02:15', 0),
(290, 'Italiano para principiantes', 'Lone Scherfig', 2000, 'DINAMARCA', 56, 0, 0, 9, '', '2021-03-12 10:02:15', 0),
(291, 'Kate & Leopold', 'James Mangold', 2001, 'USA', 230, 0, 0, 3, '', '2021-03-12 10:02:15', 0),
(292, 'Como agua para chocolate', 'Alfonso Arau', 1992, 'MÈXIC', 142, 0, 0, 6, '', '2021-03-12 10:02:15', 0),
(293, 'La fortuna de vivir', 'Jean Becker', 1998, 'FRANÇA', 72, 0, 0, 7, '', '2021-03-12 10:02:15', 0),
(294, 'Lost in translation', 'Sofia Coppola', 2003, 'USA', 230, 0, 0, 9, '', '2021-03-12 10:02:15', 0),
(295, '1492 La conquista del paraíso', 'Ridley Scott', 1992, 'UK', 229, 0, 0, 5, '', '2021-03-12 10:02:15', 2),
(296, 'Pemonition 7 días', 'Mennan Yapo', 2007, 'USA', 230, 0, 0, 8, '', '2021-03-12 10:02:15', 0),
(297, 'Cadena perpetua', 'Frank Darabont', 1994, 'USA', 230, 0, 0, 3, '', '2021-03-12 10:02:15', 0),
(298, 'Los fabulosos baker boys', 'Steve Kloves', 1989, 'USA', 230, 0, 0, 4, '', '2021-03-12 10:02:15', 0),
(299, 'Enrique V', 'Kenneth Branagh', 1989, 'UK', 229, 0, 0, 9, '', '2021-03-12 10:02:15', 0),
(301, 'Dogville', 'Lars von Trier', 2003, 'DINAMARCA', 56, 0, 0, 6, '', '2021-03-12 10:02:15', 0),
(302, 'El indomable Will Hunting', 'Gus Van Sant', 1997, 'USA', 230, 0, 0, 5, '', '2021-03-12 10:02:15', 0),
(303, 'Desde el infierno', 'Albert Hughes', 2001, 'USA', 230, 0, 0, 10, '', '2021-03-12 10:02:15', 0),
(304, 'Dogma', 'Kevin Smith', 1999, 'USA', 230, 0, 0, 9, '', '2021-03-12 10:02:15', 0),
(305, 'La escopeta nacional', 'Luis García Berlanga', 1978, 'ESPANYA', 202, 0, 0, 9, '', '2021-03-12 10:02:15', 0),
(306, 'Amantes', 'Vicente Aranda', 1991, 'ESPANYA', 202, 0, 0, 8, '', '2021-03-12 10:02:15', 9),
(307, 'El extraño viaje', 'Fernando Fernán-Gómez', 1964, 'ESPANYA', 202, 0, 0, 4, '', '2021-03-12 10:02:15', 0),
(308, 'La gran familia', 'Fernando Palacios', 1962, 'ESPANYA', 202, 0, 0, 2, '', '2021-03-12 10:02:15', 0),
(309, 'La buena estrella', 'Ricardo Franco', 1997, 'ESPANYA', 202, 0, 0, 6, '', '2021-03-12 10:02:15', 0),
(310, 'Ópera prima', 'Fernando Trueba', 1980, 'ESPANYA', 202, 0, 0, 3, '', '2021-03-12 10:02:15', 0),
(311, 'Plácido', 'Luis García Berlanga', 1961, 'ESPANYA', 202, 0, 0, 5, '', '2021-03-12 10:02:15', 0),
(312, 'Mission: Impossible', 'Brian De Palma', 1995, 'USA', 230, 0, 0, 10, '', '2021-03-12 10:02:15', 0),
(313, 'Las vírgenes suicidas', 'Sofia Coppola', 1999, 'USA', 230, 0, 0, 6, '', '2021-03-12 10:02:15', 0),
(314, 'Celebración', 'Thomas Vinterberg', 1998, 'DINAMARCA', 56, 0, 0, 8, '', '2021-03-12 10:02:15', 0),
(315, 'Valmont', 'Milos Forman', 1989, 'UK', 229, 0, 0, 10, '', '2021-03-12 10:02:15', 0),
(316, 'El abuelo', 'José Luis Garci', 1998, 'ESPANYA', 202, 0, 0, 2, '', '2021-03-12 10:02:15', 0),
(317, 'Boca a boca', 'Manuel Gómez Pereira', 1995, 'ESPANYA', 202, 0, 0, 2, '', '2021-03-12 10:02:15', 0),
(318, 'Las normas de la casa de la sidra', 'Lasse Hallström', 1999, 'USA', 230, 0, 0, 6, '', '2021-03-12 10:02:15', 0),
(319, 'Amelie', 'Jean-Pierre Jeunet', 2001, '53', 72, 0, 0, 8, '', '2021-03-12 10:02:15', 9),
(320, 'La liga de los hombres extraordinarios', 'Stephen Norrington', 2003, 'USA', 230, 0, 0, 6, '', '2021-03-12 10:02:15', 0),
(321, 'Harry un amigo que os quiere', 'Dominik Moll', 2000, 'FRANÇA', 72, 0, 0, 3, '', '2021-03-12 10:02:15', 0),
(322, 'Mediterráneo', 'Gabriele Salvatores', 1991, 'ITÀLIA', 106, 0, 0, 10, '', '2021-03-12 10:02:15', 0),
(323, 'Delicatessen', 'Jean-Pierre Jeunet', 1991, 'FRANÇA', 72, 0, 0, 7, '', '2021-03-12 10:02:15', 0),
(324, 'El juego de Ripley', 'Liliana Cavani', 2002, 'USA', 230, 0, 0, 6, '', '2021-03-12 10:02:15', 0),
(325, 'El último golpe', 'David Mamet', 2001, 'USA', 230, 0, 0, 5, '', '2021-03-12 10:02:15', 0),
(326, 'Lolita (1997)', 'Adrian Lyne', 1997, 'USA', 230, 0, 0, 8, '', '2021-03-12 10:02:15', 0),
(327, 'To be or not to be', 'Ernst Lubitsch', 1942, 'USA', 230, 0, 0, 10, '', '2021-03-12 10:02:15', 0),
(328, '9 songs', 'Michael Winterbottom', 2004, 'UK', 229, 0, 0, 3, '', '2021-03-12 10:02:15', 9),
(329, 'Billy Elliot', 'Stephen Daldry', 2000, 'UK', 229, 0, 0, 7, '', '2021-03-12 10:02:15', 0),
(330, 'En busca del fuego', 'Jean-Jacques Annaud', 1981, 'CANADÀ', 38, 0, 0, 3, '', '2021-03-12 10:02:15', 0),
(332, 'Nadie es perfecto', 'Joel Schumacher', 1999, 'USA', 230, 0, 0, 10, '', '2021-03-12 10:02:15', 0),
(333, 'El click', 'Milo Manara', 1997, 'USA', 230, 0, 0, 2, '', '2021-03-12 10:02:15', 0),
(334, 'La dolce vita', 'Federico Fellini', 1960, 'ITÀLIA', 106, 0, 0, 10, '', '2021-03-12 10:02:15', 0),
(335, 'Ginger y Fred', 'Federico Fellini', 1985, 'ITÀLIA', 106, 0, 0, 5, '', '2021-03-12 10:02:15', 0),
(336, 'Oliver Twist', 'David Lean', 1948, 'UK', 229, 0, 0, 7, '', '2021-03-12 10:02:15', 0),
(337, 'Casanova', 'Federico Fellini', 1976, 'ITÀLIA', 106, 0, 0, 2, '', '2021-03-12 10:02:15', 0),
(338, 'Delicias turcas', 'Paul Verhoeven', 1973, 'HOLANDA', 155, 0, 0, 5, '', '2021-03-12 10:02:15', 0),
(339, 'Rebelde sin causa', 'Nicholas Ray', 1955, 'USA', 230, 0, 0, 10, '', '2021-03-12 10:02:15', 0),
(340, 'Casablanca', 'Michael Curtiz', 1942, 'USA', 230, 0, 0, 7, '', '2021-03-12 10:02:15', 0),
(341, 'Psicosis', 'Alfred Hitchcock', 1960, 'USA', 230, 0, 0, 8, '', '2021-03-12 10:02:15', 0),
(342, 'Toma el dinero y corre', 'Woody Allen', 1969, 'USA', 230, 0, 0, 5, '', '2021-03-12 10:02:15', 0),
(343, 'La última legión', 'Doug Lefler', 2007, 'UK', 229, 0, 1, 2, '', '2021-03-12 10:02:15', 0),
(344, 'Lejos del cielo', 'Todd Haynes', 2002, 'USA', 230, 0, 0, 10, '', '2021-03-12 10:02:15', 0),
(345, 'El Dr. T. Y las mujeres', 'Robert Altman', 2000, 'USA', 230, 0, 0, 6, '', '2021-03-12 10:02:15', 0),
(346, 'El hundimiento', 'Oliver Hirschbiegel', 2004, 'ALEMANYA', 80, 0, 0, 9, '', '2021-03-12 10:02:15', 0),
(347, 'Trece días', 'Roger Donaldson', 2000, 'USA', 230, 0, 0, 9, '', '2021-03-12 10:02:15', 0),
(348, 'Mulholland drive', 'David Lynch', 2001, 'USA', 230, 0, 0, 7, '', '2021-03-12 10:02:15', 0),
(349, 'El caso wells', 'Wai Keung Lau', 2007, 'USA', 230, 0, 1, 5, '', '2021-03-12 10:02:15', 0),
(350, 'Una habitación con vistas', 'James Ivory', 1985, 'UK', 229, 0, 0, 4, '', '2021-03-12 10:02:15', 0),
(351, 'Falsas apariencias', 'Jonathan Lynn', 1999, 'USA', 230, 0, 0, 6, '', '2021-03-12 10:02:15', 0),
(352, 'El banquete de boda', 'Ang Lee', 1993, 'TAIWÀN', 213, 0, 0, 3, '', '2021-03-12 10:02:15', 0),
(353, 'Pulp Fiction', 'Quentin Tarantino', 1994, 'USA', 230, 0, 0, 9, NULL, '2021-03-12 10:02:15', 0),
(373, 'Memento', 'Christopher Nolan', 2000, 'USA', 230, 0, 0, 8, NULL, '2021-03-12 12:38:33', 0),
(379, 'Interestellar', 'Christopher Nolan', 2014, 'USA', 230, 0, 0, 9, NULL, '2021-03-12 14:25:45', 0),
(380, 'El Caballero Oscuro', 'Christopher Nolan', 2008, 'USA', 230, 0, 0, 9, NULL, '2021-03-15 09:47:36', 1),
(392, '21 gramos', 'Alejandro González Iñárritu', 2003, 'USA', 230, 0, 0, 8, NULL, '2021-03-16 15:34:55', 8),
(408, 'Avengers: End game', 'Anthony Russo, Joe Russo', 2019, 'USA', 230, 0, 0, 8, NULL, '2021-03-18 21:03:29', 0),
(409, 'Old Boy', 'Park Chan-Wok ', 2003, 'Corea del sur', 116, 0, 0, 9, NULL, '2021-03-18 21:11:14', 0),
(416, 'La máscara', 'Chuck Russel', 1994, 'USA', 230, 0, 0, 8, NULL, '2021-03-23 13:16:18', 3),
(417, 'Ace Ventura: Detective de mascotas', 'Tom Shadyac', 1994, 'USA', 230, 0, 0, 8, NULL, '2021-03-23 13:18:23', 3),
(418, 'Ace Ventura: Operación África', 'Steve Oedekerk', 1995, 'USA', 230, 0, 0, 8, NULL, '2021-03-23 13:19:42', 3),
(419, 'Kill Bill:  Vol.1', 'Quentin Tarantino', 2003, 'USA', 230, 0, 0, 9, NULL, '2021-03-23 13:21:15', 1),
(420, 'Kill Bill:  Vol.2', 'Quentin Tarantino', 2004, 'USA', 230, 0, 0, 9, NULL, '2021-03-23 13:21:54', 1);

--
-- Índices para tablas volcadas
--

--
-- Indices de la tabla `countries`
--
ALTER TABLE `countries`
  ADD PRIMARY KEY (`id`);

--
-- Indices de la tabla `generos`
--
ALTER TABLE `generos`
  ADD PRIMARY KEY (`id`);

--
-- Indices de la tabla `pellicules`
--
ALTER TABLE `pellicules`
  ADD PRIMARY KEY (`id`),
  ADD KEY `id_genero` (`id_genero`),
  ADD KEY `id_genero_2` (`id_genero`),
  ADD KEY `id_pais` (`id_pais`);

--
-- AUTO_INCREMENT de las tablas volcadas
--

--
-- AUTO_INCREMENT de la tabla `countries`
--
ALTER TABLE `countries`
  MODIFY `id` int(3) UNSIGNED NOT NULL AUTO_INCREMENT, AUTO_INCREMENT=246;

--
-- AUTO_INCREMENT de la tabla `pellicules`
--
ALTER TABLE `pellicules`
  MODIFY `id` int(3) NOT NULL AUTO_INCREMENT, AUTO_INCREMENT=423;

--
-- Restricciones para tablas volcadas
--

--
-- Filtros para la tabla `pellicules`
--
ALTER TABLE `pellicules`
  ADD CONSTRAINT `pellicules_ibfk_1` FOREIGN KEY (`id_genero`) REFERENCES `generos` (`id`);
COMMIT;

/*!40101 SET CHARACTER_SET_CLIENT=@OLD_CHARACTER_SET_CLIENT */;
/*!40101 SET CHARACTER_SET_RESULTS=@OLD_CHARACTER_SET_RESULTS */;
/*!40101 SET COLLATION_CONNECTION=@OLD_COLLATION_CONNECTION */;
